id_emp,name,last_name,age,gender,area,salary,email,finish_date
17-1220615,Abagael,Wadeling,47,male,Accounting,179857.00,Abagael_Wa.R@consulting.com,"2024-03-04 11:25:30"
15-6583103,Abagael,Aindrais,37,male,Accounting,173307.00,Abagael_Ai.R@consulting.com,NULL
91-5463311,Abba,Stanlock,26,male,Accounting,125438.00,Abba_St.R@consulting.com,"2022-07-17 14:08:57"
67-6411440,Abbey,Tracey,48,male,Accounting,145739.00,Abbey_Tr.R@consulting.com,NULL
04-9122557,Abbott,Despenser,34,male,Accounting,65890.00,Abbott_De.H@consulting.com,NULL
01-8402838,Abbott,Springham,33,male,Accounting,151323.00,Abbott_Sp.H@consulting.com,NULL
28-5044439,Abelard,Woodcroft,46,male,Accounting,143330.00,Abelard_Wo.R@consulting.com,"2023-02-26 03:16:53"
02-3241469,Abey,Cornuau,46,female,Accounting,112070.00,Abey_Co.R@consulting.com,NULL
87-7466058,Abigael,Stonestreet,53,male,Accounting,107350.00,Abigael_St.R@consulting.com,NULL
27-8525957,Abrahan,Ducastel,37,female,Accounting,77429.00,Abrahan_Du.H@consulting.com,NULL
37-0350031,Abramo,"Van Der Vlies",35,male,Accounting,67966.00,Abramo_Va.H@consulting.com,NULL
28-9116392,Ad,Bradbeer,35,male,Accounting,160286.00,Ad_Br.R@consulting.com,NULL
13-2001607,Ad,Alcoran,31,female,Accounting,68223.00,Ad_Al.H@consulting.com,NULL
56-9932577,Ada,Friel,24,male,Accounting,157744.00,Ada_Fr.R@consulting.com,NULL
50-7455165,Adaline,Jovic,27,female,Accounting,128620.00,Adaline_Jo.H@consulting.com,NULL
98-4146392,Adam,Partener,34,male,Accounting,73559.00,Adam_Pa.R@consulting.com,NULL
36-9036632,Adara,Borg-Bartolo,53,male,Accounting,118966.00,Adara_Bo.R@consulting.com,NULL
45-9955101,Addy,Gazzard,24,male,Accounting,141835.00,Addy_Ga.H@consulting.com,NULL
69-5955635,Adele,Sim,28,female,Accounting,86135.00,Adele_Si.H@consulting.com,NULL
26-8645776,Adele,Berkery,39,male,Accounting,157410.00,Adele_Be.R@consulting.com,NULL
10-1021704,Adelind,Edes,56,female,Accounting,108807.00,Adelind_Ed.R@consulting.com,NULL
27-0255303,Adeline,Bunney,28,female,Accounting,172090.00,Adeline_Bu.R@consulting.com,NULL
30-2468901,Adella,Dallimore,54,female,Accounting,134966.00,Adella_Da.H@consulting.com,NULL
64-9498542,Adelle,Inkle,26,male,Accounting,73749.00,Adelle_In.R@consulting.com,NULL
41-8485726,Adey,Tyhurst,31,male,Accounting,115904.00,Adey_Ty.R@consulting.com,NULL
25-2691506,Adlai,Honnan,57,female,Accounting,131892.00,Adlai_Ho.H@consulting.com,NULL
76-7456746,Ado,Abatelli,49,male,Accounting,84683.00,Ado_Ab.H@consulting.com,NULL
47-1625486,Adolpho,Stanwix,31,female,Accounting,148293.00,Adolpho_St.H@consulting.com,NULL
53-4417949,Adolphus,Rankcom,23,male,Accounting,111632.00,Adolphus_Ra.R@consulting.com,NULL
77-3382455,Adore,Hadny,46,male,Accounting,141804.00,Adore_Ha.R@consulting.com,NULL
95-8774989,Adrianne,Ganter,53,male,Accounting,131335.00,Adrianne_Ga.H@consulting.com,NULL
36-2754179,Adrien,Gritland,51,female,Accounting,82199.00,Adrien_Gr.H@consulting.com,NULL
62-7582431,Adrienne,Smithson,36,female,Accounting,104017.00,Adrienne_Sm.R@consulting.com,"2014-04-19 11:05:12"
95-8948352,Aeriel,Davinet,29,male,Accounting,78061.00,Aeriel_Da.R@consulting.com,NULL
25-6895011,Ag,Rudham,49,male,Accounting,94424.00,Ag_Ru.H@consulting.com,NULL
39-1883399,Aggi,"St. Quintin",43,male,Accounting,66688.00,Aggi_St.H@consulting.com,NULL
70-0431335,Agnese,Farron,46,male,Accounting,72055.00,Agnese_Fa.R@consulting.com,NULL
15-0401844,Agneta,Hardan,25,female,Accounting,88607.00,Agneta_Ha.R@consulting.com,NULL
79-0467095,Agosto,Bertot,53,male,Accounting,92253.00,Agosto_Be.H@consulting.com,NULL
68-6064592,Agosto,Coppin,53,male,Accounting,172975.00,Agosto_Co.H@consulting.com,NULL
93-0821949,Agretha,Hutten,43,male,Accounting,87383.00,Agretha_Hu.R@consulting.com,NULL
54-0277324,Aguie,Conechie,50,male,Accounting,102422.00,Aguie_Co.H@consulting.com,"2021-05-18 09:41:51"
19-3033086,Aguie,Hockell,23,male,Accounting,181455.00,Aguie_Ho.H@consulting.com,NULL
93-7006529,Ahmed,Sorsby,34,male,Accounting,137218.00,Ahmed_So.R@consulting.com,NULL
42-2305754,Ahmed,Bosher,29,male,Accounting,73227.00,Ahmed_Bo.H@consulting.com,NULL
22-9551035,Ailee,Vouls,35,female,Accounting,78408.00,Ailee_Vo.R@consulting.com,NULL
84-4951268,Ailene,Braddick,51,female,Accounting,149250.00,Ailene_Br.R@consulting.com,NULL
46-4680214,Ailis,Stanway,55,male,Accounting,72474.00,Ailis_St.R@consulting.com,NULL
46-4501013,Aindrea,Gillino,27,female,Accounting,143554.00,Aindrea_Gi.H@consulting.com,NULL
07-3799237,Aindrea,Fortesquieu,41,female,Accounting,156163.00,Aindrea_Fo.R@consulting.com,NULL
92-0865738,Ainslee,Bonwell,31,female,Accounting,159488.00,Ainslee_Bo.R@consulting.com,NULL
83-6864343,Ainslee,Owain,40,male,Accounting,134408.00,Ainslee_Ow.R@consulting.com,NULL
01-5414755,Aksel,"Sainte Paul",43,female,Accounting,173862.00,Aksel_Sa.H@consulting.com,NULL
29-1276306,Alaine,Cosely,42,female,Accounting,145642.00,Alaine_Co.H@consulting.com,NULL
85-1839229,Alair,Blacklawe,49,female,Accounting,70423.00,Alair_Bl.H@consulting.com,NULL
85-2160616,Alanah,Fuzzey,59,female,Accounting,161861.00,Alanah_Fu.R@consulting.com,NULL
23-2387099,Alane,Shepherdson,57,female,Accounting,150497.00,Alane_Sh.H@consulting.com,NULL
37-9750301,Alberto,Parminter,38,female,Accounting,171553.00,Alberto_Pa.R@consulting.com,NULL
52-7447715,Alberto,Garrison,41,female,Accounting,84034.00,Alberto_Ga.H@consulting.com,NULL
80-7251734,Aldis,Maypes,39,male,Accounting,85346.00,Aldis_Ma.H@consulting.com,NULL
41-3557239,Aldis,Dubique,46,female,Accounting,92670.00,Aldis_Du.H@consulting.com,NULL
90-1351978,Aldric,Puden,31,female,Accounting,126245.00,Aldric_Pu.R@consulting.com,NULL
41-3584070,Aldus,Mustoo,45,male,Accounting,113197.00,Aldus_Mu.R@consulting.com,NULL
08-0951972,Alecia,Corn,28,male,Accounting,136769.00,Alecia_Co.H@consulting.com,NULL
13-7238859,Aleda,Benito,47,male,Accounting,109229.00,Aleda_Be.R@consulting.com,NULL
46-5923521,Aleece,Killich,58,male,Accounting,161120.00,Aleece_Ki.R@consulting.com,NULL
95-3359761,Aleen,Richie,57,female,Accounting,82343.00,Aleen_Ri.H@consulting.com,NULL
67-3618800,Alejandra,Hercules,54,female,Accounting,135563.00,Alejandra_He.H@consulting.com,NULL
93-9650788,Alejandrina,Brewse,36,male,Accounting,140608.00,Alejandrina_Br.R@consulting.com,NULL
18-1845160,Alejandro,Colvill,55,female,Accounting,143374.00,Alejandro_Co.R@consulting.com,NULL
95-3448521,Alene,Christon,23,female,Accounting,82636.00,Alene_Ch.H@consulting.com,NULL
44-3662131,Alessandra,Archdeckne,29,male,Accounting,113452.00,Alessandra_Ar.R@consulting.com,NULL
97-1912316,Alexa,Lagden,24,male,Accounting,136642.00,Alexa_La.H@consulting.com,NULL
84-1046086,Alexander,Rentoll,55,female,Accounting,175734.00,Alexander_Re.H@consulting.com,NULL
90-9593357,Alexandre,Geffen,49,female,Accounting,184774.00,Alexandre_Ge.R@consulting.com,"2011-11-19 05:46:43"
20-0854504,Alexandros,Potell,49,male,Accounting,167558.00,Alexandros_Po.R@consulting.com,NULL
62-4386805,Alexandros,Licas,44,male,Accounting,152949.00,Alexandros_Li.R@consulting.com,NULL
81-1567071,Alexi,Corkill,41,female,Accounting,68872.00,Alexi_Co.H@consulting.com,NULL
77-4652654,Alexis,Richardon,55,female,Accounting,148657.00,Alexis_Ri.H@consulting.com,NULL
75-1505644,Alexis,Dahle,28,male,Accounting,124389.00,Alexis_Da.R@consulting.com,NULL
52-0685986,Alfie,Lawerence,33,male,Accounting,160166.00,Alfie_La.R@consulting.com,NULL
03-3972201,Alfonso,Salliss,36,male,Accounting,96138.00,Alfonso_Sa.R@consulting.com,NULL
30-5178239,Alfred,Bompas,47,female,Accounting,126803.00,Alfred_Bo.R@consulting.com,NULL
41-2762475,Alia,Beswetherick,32,male,Accounting,69188.00,Alia_Be.R@consulting.com,NULL
79-1633611,Alice,Cortnay,57,male,Accounting,122463.00,Alice_Co.H@consulting.com,NULL
82-5534285,Alick,Pople,45,male,Accounting,127661.00,Alick_Po.R@consulting.com,NULL
00-0715212,Alida,Longley,52,female,Accounting,156904.00,Alida_Lo.H@consulting.com,NULL
08-6687755,Alidia,Barkworth,46,male,Accounting,103105.00,Alidia_Ba.R@consulting.com,NULL
94-1220426,Alidia,Kitchingman,39,male,Accounting,67903.00,Alidia_Ki.H@consulting.com,"2023-09-15 04:06:04"
95-7734318,Alina,Paullin,55,female,Accounting,72008.00,Alina_Pa.H@consulting.com,NULL
95-1900224,Alina,Iacovo,43,male,Accounting,130584.00,Alina_Ia.R@consulting.com,"2014-09-21 12:10:11"
55-2839139,Alisha,Korejs,43,male,Accounting,131787.00,Alisha_Ko.R@consulting.com,NULL
65-8281865,Alissa,"Van Dijk",46,male,Accounting,112859.00,Alissa_Va.H@consulting.com,NULL
22-0760786,Alistair,Creany,54,female,Accounting,157558.00,Alistair_Cr.R@consulting.com,NULL
63-5538150,Alix,Lebell,48,male,Accounting,141402.00,Alix_Le.H@consulting.com,NULL
65-9611619,Alix,Hoyle,47,male,Accounting,162252.00,Alix_Ho.R@consulting.com,NULL
74-2615907,Aliza,Volett,51,male,Accounting,91139.00,Aliza_Vo.H@consulting.com,NULL
63-1054681,Allard,Handyside,53,female,Accounting,179776.00,Allard_Ha.R@consulting.com,NULL
86-4277041,Allard,Gobolos,32,female,Accounting,67246.00,Allard_Go.R@consulting.com,NULL
51-5198589,Allard,Fouracres,54,female,Accounting,66565.00,Allard_Fo.R@consulting.com,NULL
49-1219909,Allard,Beven,27,female,Accounting,179674.00,Allard_Be.H@consulting.com,NULL
20-5105244,Allen,Whorton,37,female,Accounting,81887.00,Allen_Wh.H@consulting.com,NULL
42-6735938,Allene,Merrisson,33,male,Accounting,153584.00,Allene_Me.R@consulting.com,NULL
52-3078658,Alley,Balcon,37,female,Accounting,78079.00,Alley_Ba.H@consulting.com,NULL
25-4050807,Alley,Guilleton,45,female,Accounting,157452.00,Alley_Gu.H@consulting.com,NULL
54-6673435,Allianora,Jozef,34,male,Accounting,145231.00,Allianora_Jo.H@consulting.com,NULL
07-7585141,Allie,Toner,37,male,Accounting,181704.00,Allie_To.R@consulting.com,"2013-10-23 17:56:28"
98-5779601,Allie,Deverick,37,female,Accounting,76891.00,Allie_De.H@consulting.com,"2019-05-06 18:07:24"
15-0610679,Allsun,Pavett,24,female,Accounting,118535.00,Allsun_Pa.R@consulting.com,NULL
60-1314070,Allyce,Shankland,46,female,Accounting,113120.00,Allyce_Sh.H@consulting.com,NULL
37-6166063,Almira,Feare,46,female,Accounting,86982.00,Almira_Fe.H@consulting.com,NULL
81-0857776,Aloise,Stoddart,55,female,Accounting,66360.00,Aloise_St.R@consulting.com,NULL
38-0631809,Aloysia,McDougle,54,female,Accounting,143592.00,Aloysia_Mc.H@consulting.com,NULL
82-0701846,Aloysius,Lushey,40,male,Accounting,65200.00,Aloysius_Lu.H@consulting.com,NULL
16-0235757,Alphard,Smithson,54,male,Accounting,144330.00,Alphard_Sm.H@consulting.com,NULL
62-4225762,Alphonse,Pizer,55,female,Accounting,174294.00,Alphonse_Pi.H@consulting.com,NULL
97-1406089,Alvan,Ceschi,53,male,Accounting,139962.00,Alvan_Ce.R@consulting.com,NULL
42-2747223,Alvina,Bettaney,31,male,Accounting,83240.00,Alvina_Be.H@consulting.com,NULL
65-9232025,Alvy,Boaler,36,female,Accounting,98516.00,Alvy_Bo.R@consulting.com,NULL
38-7304618,Alyce,Camell,29,male,Accounting,122261.00,Alyce_Ca.R@consulting.com,NULL
12-0485176,Alyosha,Cough,33,male,Accounting,109970.00,Alyosha_Co.R@consulting.com,NULL
20-7974529,Alysia,Enrrico,23,female,Accounting,149559.00,Alysia_En.H@consulting.com,"2012-07-15 06:32:25"
54-4602465,Alyssa,Jeckell,30,female,Accounting,130450.00,Alyssa_Je.R@consulting.com,NULL
57-9006059,Alyssa,Matysik,45,female,Accounting,68210.00,Alyssa_Ma.H@consulting.com,NULL
38-1007003,Amalea,Dean,31,female,Accounting,163629.00,Amalea_De.R@consulting.com,NULL
81-1860674,Amalee,Bakhrushin,52,male,Accounting,106334.00,Amalee_Ba.H@consulting.com,"2005-09-04 18:54:49"
19-4327064,Amalia,Jurs,34,female,Accounting,113788.00,Amalia_Ju.H@consulting.com,NULL
67-5100439,Amalie,Roke,50,male,Accounting,140610.00,Amalie_Ro.H@consulting.com,NULL
60-4946200,Amalle,Vedmore,26,female,Accounting,78586.00,Amalle_Ve.H@consulting.com,NULL
40-8690349,Amanda,Cuskery,47,male,Accounting,92584.00,Amanda_Cu.R@consulting.com,NULL
42-3880224,Amandie,Snell,57,male,Accounting,102960.00,Amandie_Sn.R@consulting.com,NULL
23-9648585,Ambrosius,Caff,28,female,Accounting,105255.00,Ambrosius_Ca.H@consulting.com,"2014-05-04 22:41:48"
18-7458429,Ame,Garrioch,39,male,Accounting,155694.00,Ame_Ga.H@consulting.com,NULL
37-3997375,Ame,Aizik,33,female,Accounting,77105.00,Ame_Ai.R@consulting.com,NULL
41-1293186,Amerigo,Riddock,35,female,Accounting,161298.00,Amerigo_Ri.H@consulting.com,NULL
17-4552653,Amie,Rival,34,male,Accounting,147329.00,Amie_Ri.R@consulting.com,NULL
33-6901725,Amity,Butts,26,male,Accounting,111069.00,Amity_Bu.R@consulting.com,NULL
05-4773660,Amye,Westmoreland,53,male,Accounting,104541.00,Amye_We.H@consulting.com,NULL
45-7270077,Anabal,Kinnie,36,male,Accounting,79994.00,Anabal_Ki.H@consulting.com,NULL
93-2303483,Andee,Rewbottom,41,female,Accounting,165770.00,Andee_Re.H@consulting.com,NULL
30-2278762,Andrea,O'Lochan,58,male,Accounting,157488.00,Andrea_O'.R@consulting.com,NULL
93-4062210,Andria,Truwert,40,female,Accounting,79233.00,Andria_Tr.R@consulting.com,NULL
12-6350394,Andria,Delgadillo,42,male,Accounting,180859.00,Andria_De.H@consulting.com,NULL
46-1154993,Andriana,Borres,33,male,Accounting,88696.00,Andriana_Bo.H@consulting.com,NULL
30-2452028,Andy,Deval,34,male,Accounting,90018.00,Andy_De.R@consulting.com,NULL
17-6662680,Andy,Scargle,35,male,Accounting,134794.00,Andy_Sc.H@consulting.com,NULL
72-7229978,Anetta,Mickelwright,56,female,Accounting,132232.00,Anetta_Mi.H@consulting.com,NULL
03-5200029,Angel,Nickols,53,female,Accounting,156601.00,Angel_Ni.R@consulting.com,NULL
77-0955877,Angela,Lindfors,55,female,Accounting,72557.00,Angela_Li.H@consulting.com,NULL
91-7235984,Angela,Chotty,31,male,Accounting,117970.00,Angela_Ch.R@consulting.com,"2005-04-10 00:37:17"
77-1882927,Angelico,Peltzer,47,male,Accounting,79362.00,Angelico_Pe.R@consulting.com,NULL
94-5570897,Angeline,"Di Biasi",41,male,Accounting,125004.00,Angeline_Di.H@consulting.com,NULL
66-9081744,Angie,Gurry,32,male,Accounting,176446.00,Angie_Gu.H@consulting.com,NULL
19-9014248,Anitra,Welfair,59,male,Accounting,83237.00,Anitra_We.R@consulting.com,NULL
71-6887568,Ann-marie,Ward,43,male,Accounting,134491.00,Ann-marie_Wa.H@consulting.com,NULL
60-8636837,Anna-diane,Bauldry,23,male,Accounting,179572.00,Anna-diane_Ba.R@consulting.com,"2012-02-08 12:23:19"
62-8883531,Anna-maria,Marshalleck,23,male,Accounting,72659.00,Anna-maria_Ma.H@consulting.com,NULL
58-1645819,Annabell,Falconar,46,female,Accounting,169511.00,Annabell_Fa.H@consulting.com,NULL
11-2086033,Annalee,Hillam,46,female,Accounting,116194.00,Annalee_Hi.R@consulting.com,NULL
34-6242602,Annaliese,Sansam,57,female,Accounting,90580.00,Annaliese_Sa.R@consulting.com,NULL
66-9580111,Annamarie,Maunders,25,female,Accounting,92973.00,Annamarie_Ma.R@consulting.com,NULL
66-0519386,Anni,Cubbit,56,female,Accounting,95674.00,Anni_Cu.H@consulting.com,NULL
10-0507303,Annie,Townson,58,male,Accounting,148459.00,Annie_To.H@consulting.com,NULL
50-8877020,Ansel,MacIlriach,39,male,Accounting,82871.00,Ansel_Ma.R@consulting.com,"2022-12-15 18:44:30"
26-4181987,Ansel,"De Ortega",31,male,Accounting,142807.00,Ansel_De.R@consulting.com,NULL
67-5756266,Anselm,Skelding,28,female,Accounting,171150.00,Anselm_Sk.H@consulting.com,NULL
20-1905431,Anselma,Momford,57,male,Accounting,156221.00,Anselma_Mo.R@consulting.com,NULL
19-0764898,Anthony,Eckery,58,male,Accounting,160976.00,Anthony_Ec.H@consulting.com,NULL
82-2262671,Anthony,Hembery,49,female,Accounting,66582.00,Anthony_He.R@consulting.com,NULL
93-4458619,Anthony,Byrnes,38,female,Accounting,127710.00,Anthony_By.R@consulting.com,NULL
39-1161878,Antonietta,Bartoletti,38,female,Accounting,119666.00,Antonietta_Ba.R@consulting.com,NULL
05-8979688,Appolonia,Newick,38,female,Accounting,99103.00,Appolonia_Ne.R@consulting.com,NULL
57-0024011,April,Wolpert,42,female,Accounting,141444.00,April_Wo.H@consulting.com,NULL
52-6926497,Aprilette,McCoish,51,male,Accounting,154937.00,Aprilette_Mc.H@consulting.com,NULL
80-0872277,Aprilette,Sivior,39,female,Accounting,143006.00,Aprilette_Si.R@consulting.com,NULL
45-5260951,Ara,Goldin,34,male,Accounting,100968.00,Ara_Go.R@consulting.com,NULL
29-3532369,Arabel,Waddilow,58,male,Accounting,94964.00,Arabel_Wa.H@consulting.com,NULL
31-7067754,Arabel,Joplin,45,male,Accounting,164016.00,Arabel_Jo.R@consulting.com,"2017-04-21 17:26:39"
57-4331505,Arabelle,Dilnot,46,female,Accounting,167305.00,Arabelle_Di.H@consulting.com,NULL
47-3663913,Arabelle,Pesik,41,male,Accounting,92459.00,Arabelle_Pe.R@consulting.com,"2023-03-12 23:44:12"
95-0735428,Archibold,Croot,41,male,Accounting,112915.00,Archibold_Cr.H@consulting.com,NULL
55-6798500,Arda,Sallery,39,male,Accounting,171894.00,Arda_Sa.R@consulting.com,NULL
66-9644102,Ardeen,O'Cannon,50,male,Accounting,68363.00,Ardeen_O'.H@consulting.com,NULL
58-4220867,Ardelle,Sorsbie,40,male,Accounting,160023.00,Ardelle_So.R@consulting.com,NULL
32-2059718,Ardelle,MacCosto,46,male,Accounting,162767.00,Ardelle_Ma.R@consulting.com,NULL
09-8839548,Ardene,Beedham,55,male,Accounting,104578.00,Ardene_Be.R@consulting.com,NULL
02-2486666,Ardene,McQuillen,29,male,Accounting,66388.00,Ardene_Mc.H@consulting.com,NULL
84-7674652,Ardenia,Presho,31,female,Accounting,124072.00,Ardenia_Pr.H@consulting.com,NULL
96-3406158,Ardith,Ivermee,40,male,Accounting,175440.00,Ardith_Iv.R@consulting.com,NULL
43-1354226,Ardra,Gleadhall,54,male,Accounting,139315.00,Ardra_Gl.R@consulting.com,NULL
90-6562090,Ardra,Fante,26,male,Accounting,176407.00,Ardra_Fa.R@consulting.com,NULL
07-2168841,Ardyce,Kordes,35,female,Accounting,165041.00,Ardyce_Ko.H@consulting.com,"2023-08-05 00:46:41"
29-6567609,Ari,Stansby,38,female,Accounting,80236.00,Ari_St.H@consulting.com,NULL
27-0519672,Ariadne,Elsie,42,male,Accounting,117283.00,Ariadne_El.H@consulting.com,NULL
60-9639349,Ariadne,Cheshir,28,male,Accounting,139343.00,Ariadne_Ch.H@consulting.com,NULL
60-2152688,Ariana,Makinson,27,female,Accounting,65056.00,Ariana_Ma.R@consulting.com,NULL
89-5970787,Ariana,McGinnis,45,male,Accounting,121377.00,Ariana_Mc.H@consulting.com,"2015-03-02 06:51:52"
21-4706878,Aridatha,Amps,52,female,Accounting,81393.00,Aridatha_Am.R@consulting.com,NULL
78-0045493,Ariel,Giorgione,39,female,Accounting,178729.00,Ariel_Gi.H@consulting.com,"2025-04-18 13:54:30"
16-4881488,Arlan,Illsley,55,female,Accounting,150118.00,Arlan_Il.R@consulting.com,NULL
04-5174787,Arlene,Arkow,45,male,Accounting,96632.00,Arlene_Ar.H@consulting.com,NULL
65-0331659,Arleta,Twatt,41,female,Accounting,66145.00,Arleta_Tw.R@consulting.com,"2019-03-13 15:27:43"
84-1944732,Arley,Bradshaw,24,female,Accounting,79285.00,Arley_Br.R@consulting.com,NULL
57-4266358,Arley,Pettengell,33,female,Accounting,100807.00,Arley_Pe.R@consulting.com,NULL
54-9991788,Arliene,Eagell,48,male,Accounting,150932.00,Arliene_Ea.R@consulting.com,NULL
12-0244261,Arliene,Lynnett,42,male,Accounting,79171.00,Arliene_Ly.H@consulting.com,NULL
35-6834715,Arlinda,Guard,42,male,Accounting,141555.00,Arlinda_Gu.H@consulting.com,"2014-07-03 04:35:45"
57-6599812,Arline,Nore,38,female,Accounting,67161.00,Arline_No.R@consulting.com,NULL
81-7184990,Armando,Nerger,52,male,Accounting,168397.00,Armando_Ne.R@consulting.com,NULL
95-4878619,Armin,Ashbolt,53,female,Accounting,84735.00,Armin_As.R@consulting.com,NULL
97-1509439,Armstrong,Fearnehough,52,male,Accounting,135507.00,Armstrong_Fe.R@consulting.com,NULL
67-5523982,Arnie,Yearnes,32,male,Accounting,148280.00,Arnie_Ye.H@consulting.com,NULL
80-2082816,Arron,Gaythorpe,45,female,Accounting,131166.00,Arron_Ga.H@consulting.com,NULL
54-8556760,Arte,Zaple,44,male,Accounting,122825.00,Arte_Za.H@consulting.com,NULL
89-7042491,Arther,Casey,27,male,Accounting,96490.00,Arther_Ca.H@consulting.com,"2013-12-27 11:15:16"
30-5011658,Artie,Brazer,41,male,Accounting,112965.00,Artie_Br.H@consulting.com,"2017-07-22 01:09:56"
53-1032836,Artur,Cleaves,27,female,Accounting,145939.00,Artur_Cl.H@consulting.com,NULL
84-8620198,Arty,Cutteridge,32,male,Accounting,150342.00,Arty_Cu.R@consulting.com,NULL
10-5351557,Arv,Orringe,55,male,Accounting,96939.00,Arv_Or.R@consulting.com,NULL
31-7199673,Arvie,Holmyard,37,male,Accounting,157229.00,Arvie_Ho.R@consulting.com,NULL
37-6964818,Arvin,Matkin,57,male,Accounting,102893.00,Arvin_Ma.R@consulting.com,"2018-11-12 17:56:29"
73-3639527,Arvy,Narducci,25,female,Accounting,120728.00,Arvy_Na.H@consulting.com,NULL
18-7877439,Aryn,Philippsohn,47,male,Accounting,155480.00,Aryn_Ph.R@consulting.com,NULL
41-0033853,Ase,Rosekilly,31,male,Accounting,80043.00,Ase_Ro.H@consulting.com,NULL
15-0760970,Ase,"de Guerre",24,female,Accounting,91502.00,Ase_de.H@consulting.com,NULL
28-9338672,Ashil,Kastel,36,female,Accounting,97014.00,Ashil_Ka.H@consulting.com,NULL
72-8212143,Ashlen,Essery,48,male,Accounting,175283.00,Ashlen_Es.R@consulting.com,NULL
77-1627150,Ashlen,Allston,56,female,Accounting,173640.00,Ashlen_Al.H@consulting.com,NULL
30-9584425,Ashley,Hedin,50,male,Accounting,97711.00,Ashley_He.H@consulting.com,NULL
39-2496220,Ashlin,Saunderson,54,female,Accounting,81327.00,Ashlin_Sa.R@consulting.com,NULL
99-2732835,Ashlin,Sewall,29,male,Accounting,119995.00,Ashlin_Se.H@consulting.com,NULL
53-5470296,Astrid,Ohanessian,50,male,Accounting,149149.00,Astrid_Oh.H@consulting.com,NULL
22-7716123,Aube,Botton,30,male,Accounting,119619.00,Aube_Bo.R@consulting.com,NULL
68-9158926,Audre,Becket,52,female,Accounting,84981.00,Audre_Be.H@consulting.com,NULL
71-7059842,Audry,Blackmore,51,male,Accounting,91314.00,Audry_Bl.H@consulting.com,NULL
73-0113570,Audrye,McRavey,32,male,Accounting,111339.00,Audrye_Mc.H@consulting.com,NULL
31-8002479,Audy,Hubane,55,male,Accounting,128831.00,Audy_Hu.H@consulting.com,NULL
28-9507488,Audy,Viel,39,male,Accounting,112615.00,Audy_Vi.H@consulting.com,NULL
66-5364737,Augustine,Wickardt,44,male,Accounting,82429.00,Augustine_Wi.R@consulting.com,NULL
91-1259692,Augustine,Twiggs,58,female,Accounting,103637.00,Augustine_Tw.H@consulting.com,NULL
46-5287197,Augusto,Eger,33,female,Accounting,67264.00,Augusto_Eg.H@consulting.com,NULL
59-7336680,Augustus,Drinkall,40,male,Accounting,126178.00,Augustus_Dr.H@consulting.com,NULL
43-7875348,Aundrea,Gatenby,27,female,Accounting,159114.00,Aundrea_Ga.H@consulting.com,NULL
76-9519515,Aundrea,Worledge,34,female,Accounting,80884.00,Aundrea_Wo.H@consulting.com,"2019-03-21 12:39:44"
88-1178417,Aundrea,Craythorne,39,male,Accounting,162133.00,Aundrea_Cr.H@consulting.com,NULL
87-4245271,Aundrea,Dufore,37,female,Accounting,160054.00,Aundrea_Du.H@consulting.com,NULL
49-6862165,Aurelia,Davidovic,57,female,Accounting,124354.00,Aurelia_Da.R@consulting.com,NULL
25-9968088,Aurelia,Clemenzo,31,female,Accounting,164901.00,Aurelia_Cl.R@consulting.com,NULL
89-6985903,Aurelie,Udall,39,male,Accounting,95736.00,Aurelie_Ud.R@consulting.com,NULL
98-4461546,Auroora,Nickels,29,male,Accounting,137348.00,Auroora_Ni.R@consulting.com,NULL
79-7027538,Averell,Blacklidge,51,female,Accounting,157363.00,Averell_Bl.R@consulting.com,"2022-10-06 23:45:33"
87-1931026,Averyl,Malkinson,25,female,Accounting,172819.00,Averyl_Ma.R@consulting.com,NULL
48-7943943,Averyl,Mebes,51,female,Accounting,105168.00,Averyl_Me.H@consulting.com,"2008-02-28 20:48:29"
60-3352594,Avie,Balshen,23,female,Accounting,154603.00,Avie_Ba.R@consulting.com,NULL
81-1497802,Avrit,Linturn,30,female,Accounting,74749.00,Avrit_Li.R@consulting.com,NULL
80-2787234,Avrom,Choake,41,female,Accounting,141465.00,Avrom_Ch.R@consulting.com,NULL
44-4296307,Avrom,Shurrock,47,female,Accounting,72039.00,Avrom_Sh.H@consulting.com,NULL
72-2340836,Aymer,Fanshawe,58,male,Accounting,183275.00,Aymer_Fa.R@consulting.com,NULL
57-6408794,Bab,Domesday,56,male,Accounting,82853.00,Bab_Do.H@consulting.com,NULL
31-3815442,Bab,McDavitt,47,male,Accounting,129719.00,Bab_Mc.R@consulting.com,NULL
85-0912450,Babbette,Geistmann,36,male,Accounting,110050.00,Babbette_Ge.H@consulting.com,"2009-04-26 03:51:26"
54-0235138,Babbie,Lauritzen,46,male,Accounting,155618.00,Babbie_La.R@consulting.com,NULL
23-6589325,Babs,Hewes,57,male,Accounting,65104.00,Babs_He.H@consulting.com,NULL
44-7084770,Bailey,Crome,32,male,Accounting,80750.00,Bailey_Cr.H@consulting.com,NULL
35-4208320,Bailie,Blades,39,female,Accounting,173372.00,Bailie_Bl.R@consulting.com,NULL
71-7413304,Baily,Stangoe,34,female,Accounting,124594.00,Baily_St.H@consulting.com,"2020-03-12 19:32:14"
75-8633500,Baird,Conaghan,51,male,Accounting,172978.00,Baird_Co.H@consulting.com,NULL
25-6005165,Baird,Huyge,44,female,Accounting,103760.00,Baird_Hu.R@consulting.com,NULL
16-5754561,Balduin,Griffen,38,female,Accounting,86916.00,Balduin_Gr.H@consulting.com,NULL
08-5400179,Bale,Gosdin,48,female,Accounting,104086.00,Bale_Go.H@consulting.com,NULL
99-1995012,Bancroft,MacCarrane,36,male,Accounting,91735.00,Bancroft_Ma.H@consulting.com,NULL
58-0509094,Barbette,Osborn,23,female,Accounting,69595.00,Barbette_Os.H@consulting.com,NULL
65-2167673,Barbey,Rankcom,26,female,Accounting,166419.00,Barbey_Ra.H@consulting.com,NULL
73-6354647,Barbie,Jakeman,36,male,Accounting,179933.00,Barbie_Ja.H@consulting.com,NULL
03-6230242,Barbra,Brotherton,25,female,Accounting,88089.00,Barbra_Br.H@consulting.com,"2022-06-04 08:49:50"
99-6352484,Barby,Dellit,26,female,Accounting,116598.00,Barby_De.H@consulting.com,NULL
45-8085486,Barnard,Sancto,54,female,Accounting,143843.00,Barnard_Sa.H@consulting.com,NULL
78-3923269,Barr,Crim,48,female,Accounting,87407.00,Barr_Cr.H@consulting.com,NULL
08-4292923,Barr,Bantock,40,male,Accounting,88042.00,Barr_Ba.H@consulting.com,NULL
76-8621517,Barrett,Elcum,36,male,Accounting,135963.00,Barrett_El.R@consulting.com,NULL
83-3135323,Barrett,Anthoin,41,male,Accounting,124550.00,Barrett_An.H@consulting.com,NULL
14-0363262,Barrie,Rickson,53,male,Accounting,141793.00,Barrie_Ri.H@consulting.com,"2012-11-18 05:53:08"
40-4751108,Bartel,Jepperson,33,male,Accounting,77076.00,Bartel_Je.H@consulting.com,NULL
28-1849616,Bartel,Beldam,44,male,Accounting,65766.00,Bartel_Be.H@consulting.com,NULL
62-5890922,Bartolomeo,Dufall,39,male,Accounting,159223.00,Bartolomeo_Du.H@consulting.com,NULL
90-1187749,Base,Hutley,57,female,Accounting,115922.00,Base_Hu.H@consulting.com,NULL
78-4624851,Basil,MacShirrie,37,female,Accounting,116448.00,Basil_Ma.H@consulting.com,NULL
95-4613534,Basile,Langlais,30,female,Accounting,143204.00,Basile_La.H@consulting.com,NULL
70-1334273,Bastian,Simenel,52,female,Accounting,153010.00,Bastian_Si.H@consulting.com,NULL
28-3680237,Bastien,Pimbley,35,female,Accounting,168691.00,Bastien_Pi.H@consulting.com,NULL
07-6256757,Batsheva,"De Cruze",42,female,Accounting,76195.00,Batsheva_De.R@consulting.com,NULL
75-6313306,Baxie,Schust,27,male,Accounting,138056.00,Baxie_Sc.H@consulting.com,NULL
47-3977663,Baxie,Scipsey,33,female,Accounting,110663.00,Baxie_Sc.H@consulting.com,"2025-02-08 18:48:58"
77-1673999,Beale,Cammis,56,male,Accounting,128097.00,Beale_Ca.H@consulting.com,NULL
87-7482025,Beatrice,Densell,31,male,Accounting,163627.00,Beatrice_De.R@consulting.com,NULL
12-1689412,Becca,Beasley,35,female,Accounting,110725.00,Becca_Be.H@consulting.com,NULL
01-2313150,Bee,Daymond,31,male,Accounting,114767.00,Bee_Da.R@consulting.com,NULL
76-9462690,Beitris,Mouton,28,male,Accounting,77031.00,Beitris_Mo.H@consulting.com,"2025-04-11 12:17:20"
34-4362192,Bel,Muldownie,56,male,Accounting,166244.00,Bel_Mu.H@consulting.com,NULL
22-1392215,Belicia,Conwell,29,female,Accounting,181705.00,Belicia_Co.H@consulting.com,NULL
80-9278500,Belicia,Capinetti,30,female,Accounting,139469.00,Belicia_Ca.H@consulting.com,NULL
82-7870548,Bendicty,Stallard,35,female,Accounting,94928.00,Bendicty_St.R@consulting.com,"2005-02-06 02:15:26"
16-0739409,Benedetto,Dohrmann,29,female,Accounting,109147.00,Benedetto_Do.H@consulting.com,NULL
23-7314623,Benedicto,Wrankling,25,female,Accounting,82544.00,Benedicto_Wr.H@consulting.com,NULL
81-6362922,Benedikt,Gorke,37,female,Accounting,128874.00,Benedikt_Go.R@consulting.com,NULL
94-1175232,Benedikt,Durek,57,female,Accounting,97610.00,Benedikt_Du.H@consulting.com,NULL
46-8995486,Benjamin,Buye,24,male,Accounting,68472.00,Benjamin_Bu.R@consulting.com,NULL
55-9395190,Benji,Jantet,45,female,Accounting,155337.00,Benji_Ja.H@consulting.com,"2009-09-29 18:56:49"
09-1785230,Benji,Delea,39,female,Accounting,107109.00,Benji_De.R@consulting.com,NULL
97-0993625,Benny,Patemore,37,male,Accounting,80510.00,Benny_Pa.H@consulting.com,NULL
16-4853606,Benoit,Davitashvili,31,male,Accounting,173228.00,Benoit_Da.H@consulting.com,NULL
32-1282063,Benoit,Risbridge,53,female,Accounting,134696.00,Benoit_Ri.H@consulting.com,NULL
60-5238545,Benoite,Piper,39,male,Accounting,74469.00,Benoite_Pi.R@consulting.com,NULL
50-4462477,Bentlee,Plumbley,39,female,Accounting,137821.00,Bentlee_Pl.R@consulting.com,NULL
57-0764282,Bentlee,Pizzey,24,male,Accounting,136418.00,Bentlee_Pi.R@consulting.com,NULL
57-5897147,Ber,Delgardillo,52,female,Accounting,179317.00,Ber_De.H@consulting.com,NULL
31-1327252,Berget,Caller,56,female,Accounting,142159.00,Berget_Ca.R@consulting.com,NULL
05-6954676,Berk,Griffitt,45,male,Accounting,147963.00,Berk_Gr.H@consulting.com,NULL
22-9705203,Berke,Edowes,37,female,Accounting,161331.00,Berke_Ed.H@consulting.com,NULL
23-3029611,Berkie,McGaw,48,male,Accounting,130924.00,Berkie_Mc.R@consulting.com,"2012-05-14 09:31:23"
83-7080182,Berkie,Westcott,43,female,Accounting,151659.00,Berkie_We.H@consulting.com,NULL
64-5004601,Berky,Forsyde,49,male,Accounting,69138.00,Berky_Fo.H@consulting.com,"2018-07-16 17:53:31"
79-6225986,Bern,Balkwill,50,male,Accounting,127231.00,Bern_Ba.R@consulting.com,NULL
55-0887136,Berna,Snasdell,36,female,Accounting,89850.00,Berna_Sn.H@consulting.com,"2009-09-05 01:24:36"
09-5070412,Bernardine,Artois,49,female,Accounting,139178.00,Bernardine_Ar.H@consulting.com,"2015-06-02 01:50:24"
18-1084471,Bernardo,Bratty,48,female,Accounting,87152.00,Bernardo_Br.R@consulting.com,NULL
67-3554633,Bernelle,Slipper,58,female,Accounting,68954.00,Bernelle_Sl.R@consulting.com,NULL
10-2285558,Bernete,Butterfill,52,female,Accounting,142666.00,Bernete_Bu.H@consulting.com,NULL
58-2643036,Bernete,Wilcott,34,female,Accounting,66242.00,Bernete_Wi.H@consulting.com,NULL
72-0657370,Bernie,McAw,59,male,Accounting,67564.00,Bernie_Mc.H@consulting.com,NULL
71-3617325,Bernita,Shortell,49,female,Accounting,69728.00,Bernita_Sh.H@consulting.com,NULL
51-1438178,Berny,Marousek,48,male,Accounting,140863.00,Berny_Ma.R@consulting.com,NULL
50-2947198,Berrie,Deeble,48,male,Accounting,139245.00,Berrie_De.H@consulting.com,NULL
72-6703078,Bert,Handscomb,27,female,Accounting,70067.00,Bert_Ha.R@consulting.com,NULL
33-2611851,Bertha,Cough,58,female,Accounting,88057.00,Bertha_Co.H@consulting.com,NULL
03-3323204,Berti,Pashby,45,male,Accounting,164420.00,Berti_Pa.R@consulting.com,NULL
76-4075996,Bertina,Itzkovsky,30,female,Accounting,181674.00,Bertina_It.R@consulting.com,NULL
34-8670847,Bertine,Baron,54,female,Accounting,112850.00,Bertine_Ba.R@consulting.com,NULL
02-9416533,Bethany,Benediktsson,30,male,Accounting,161986.00,Bethany_Be.R@consulting.com,NULL
79-3472764,Betti,Luciano,38,male,Accounting,83521.00,Betti_Lu.H@consulting.com,NULL
19-6617528,Bettine,Turbill,42,male,Accounting,109425.00,Bettine_Tu.H@consulting.com,NULL
58-3858242,Bevan,Loveguard,43,male,Accounting,129019.00,Bevan_Lo.H@consulting.com,NULL
25-0257814,Beverie,MacHarg,43,female,Accounting,145328.00,Beverie_Ma.R@consulting.com,NULL
25-8794667,Bevin,Daudray,58,male,Accounting,106813.00,Bevin_Da.R@consulting.com,NULL
11-3283233,Bevin,McGennis,45,female,Accounting,175322.00,Bevin_Mc.H@consulting.com,NULL
67-7391434,Bianka,Featherston,55,male,Accounting,175324.00,Bianka_Fe.R@consulting.com,NULL
90-5791723,Bibi,Searson,41,female,Accounting,169982.00,Bibi_Se.H@consulting.com,NULL
39-9306608,Bibi,Robottom,28,female,Accounting,78770.00,Bibi_Ro.H@consulting.com,NULL
35-8281026,Bibi,Kearey,29,female,Accounting,167420.00,Bibi_Ke.R@consulting.com,"2008-10-25 14:10:42"
36-6252951,Billi,Clotworthy,37,female,Accounting,138446.00,Billi_Cl.R@consulting.com,"2022-02-20 13:53:03"
61-1634100,Billy,Shelliday,47,female,Accounting,141576.00,Billy_Sh.H@consulting.com,NULL
48-7694623,Billy,Masser,43,male,Accounting,103237.00,Billy_Ma.R@consulting.com,"2023-12-07 10:16:55"
68-7492011,Bing,McGown,49,female,Accounting,87437.00,Bing_Mc.H@consulting.com,NULL
66-1139659,Binnie,Haughan,51,male,Accounting,111362.00,Binnie_Ha.R@consulting.com,NULL
14-8308614,Bird,Olennikov,26,female,Accounting,175155.00,Bird_Ol.H@consulting.com,NULL
66-0669704,Birgitta,Ockwell,32,female,Accounting,112798.00,Birgitta_Oc.H@consulting.com,NULL
13-2862396,Birk,Caress,49,female,Accounting,97621.00,Birk_Ca.H@consulting.com,NULL
81-4193529,Bjorn,Begent,48,male,Accounting,175234.00,Bjorn_Be.R@consulting.com,NULL
66-9980712,Bjorn,Rourke,28,male,Accounting,69310.00,Bjorn_Ro.H@consulting.com,NULL
84-1120013,Blair,Jacquet,58,male,Accounting,172310.00,Blair_Ja.H@consulting.com,NULL
38-1962888,Blake,Wandless,26,male,Accounting,162169.00,Blake_Wa.H@consulting.com,NULL
33-7190259,Blakelee,Venton,38,female,Accounting,139886.00,Blakelee_Ve.R@consulting.com,NULL
64-1014088,Blakelee,Pottiphar,51,female,Accounting,132437.00,Blakelee_Po.R@consulting.com,NULL
69-0680239,Blakeley,Rosle,54,female,Accounting,93966.00,Blakeley_Ro.R@consulting.com,NULL
43-7295371,Blanca,Bessey,57,male,Accounting,149802.00,Blanca_Be.R@consulting.com,"2014-12-12 04:21:32"
62-4757589,Blancha,Glaister,51,female,Accounting,111539.00,Blancha_Gl.H@consulting.com,"2020-05-13 09:02:36"
33-2425335,Blinni,Gagin,37,female,Accounting,77047.00,Blinni_Ga.R@consulting.com,NULL
27-5070048,Blisse,Plant,24,male,Accounting,182801.00,Blisse_Pl.R@consulting.com,NULL
95-1856373,Blondelle,Dorbon,42,male,Accounting,132795.00,Blondelle_Do.H@consulting.com,NULL
37-6877522,Blondie,Washington,29,male,Accounting,70173.00,Blondie_Wa.H@consulting.com,NULL
42-0882203,Blythe,Fassum,35,female,Accounting,119648.00,Blythe_Fa.R@consulting.com,NULL
41-5147310,Bob,Rosenhaus,33,male,Accounting,95586.00,Bob_Ro.R@consulting.com,NULL
63-9749587,Bob,Swann,44,male,Accounting,160444.00,Bob_Sw.H@consulting.com,NULL
44-7741984,Bobbie,Isles,51,male,Accounting,173929.00,Bobbie_Is.H@consulting.com,NULL
96-2141180,Bobby,Christy,39,male,Accounting,66688.00,Bobby_Ch.H@consulting.com,NULL
51-9598913,Bobby,Postance,47,male,Accounting,88006.00,Bobby_Po.H@consulting.com,NULL
77-9501144,Bobby,Auguste,47,female,Accounting,103814.00,Bobby_Au.R@consulting.com,NULL
83-9705645,Bobette,Shrimpton,57,male,Accounting,140194.00,Bobette_Sh.R@consulting.com,NULL
94-1532603,Bobina,Jaquest,52,female,Accounting,111585.00,Bobina_Ja.R@consulting.com,"2019-08-03 05:12:24"
39-0727291,Bobina,Finlator,59,male,Accounting,179330.00,Bobina_Fi.R@consulting.com,"2020-04-12 19:35:34"
95-2216068,Boigie,Bernuzzi,27,female,Accounting,143072.00,Boigie_Be.R@consulting.com,"2015-10-04 17:24:01"
92-7179351,Bondy,Blasli,42,female,Accounting,184483.00,Bondy_Bl.R@consulting.com,NULL
29-6930522,Bonita,Rowbotham,52,male,Accounting,107001.00,Bonita_Ro.R@consulting.com,NULL
87-3998742,Bonnie,Burleigh,53,female,Accounting,131493.00,Bonnie_Bu.H@consulting.com,"2017-07-07 06:23:36"
64-9666772,Bonnie,Curedale,38,female,Accounting,165427.00,Bonnie_Cu.R@consulting.com,NULL
76-6321006,Boone,Gyse,50,male,Accounting,67680.00,Boone_Gy.H@consulting.com,NULL
65-4696729,Boonie,Baptista,51,male,Accounting,126091.00,Boonie_Ba.R@consulting.com,NULL
88-8090995,Boote,Dochon,47,female,Accounting,135714.00,Boote_Do.H@consulting.com,NULL
78-4968287,Bord,Grinishin,37,male,Accounting,132863.00,Bord_Gr.R@consulting.com,NULL
64-1134513,Borg,Markel,56,male,Accounting,179236.00,Borg_Ma.H@consulting.com,NULL
22-3499749,Boris,Fuzzard,43,male,Accounting,95312.00,Boris_Fu.R@consulting.com,NULL
89-2587905,Boy,Parrot,43,female,Accounting,140998.00,Boy_Pa.H@consulting.com,NULL
70-8595126,Boyce,Darko,26,female,Accounting,100537.00,Boyce_Da.H@consulting.com,NULL
57-4025211,Brade,Witcomb,28,female,Accounting,90230.00,Brade_Wi.R@consulting.com,NULL
52-1020658,Bradly,Tomczykowski,44,female,Accounting,71777.00,Bradly_To.R@consulting.com,NULL
82-2144794,Bran,Anders,27,male,Accounting,154090.00,Bran_An.R@consulting.com,NULL
00-8912428,Brana,Gwin,46,male,Accounting,96168.00,Brana_Gw.H@consulting.com,NULL
58-9304340,Brana,Ilyasov,51,female,Accounting,114362.00,Brana_Il.H@consulting.com,NULL
63-6714702,Brand,Brisker,25,female,Accounting,114465.00,Brand_Br.H@consulting.com,NULL
84-9182806,Brandais,Harbisher,51,female,Accounting,108239.00,Brandais_Ha.H@consulting.com,NULL
